window,C,gamma_mode,gamma,epsilon,best_avg_frobenius,best_avg_qlike,gamma_used
189,157.41890047456639,numeric,0.00012674255898937226,0.07579479953347998,0.0023858890660572864,959.6946335635707,0.00012674255898937226
