window,C,gamma_mode,gamma,epsilon,best_avg_qlike,best_avg_frobenius,n_forecasts,n_refits,n_valid_qlike,n_invalid_qlike,gamma_used
378,1.803750643128185,numeric,0.0002359137306347715,0.08862326508576253,37.45887084701451,0.002447891009802228,490,490,490,0,0.0002359137306347715
