window,C,gamma_mode,epsilon,best_avg_frobenius,best_avg_qlike,gamma_used
189,0.05557277295815077,scale,0.00012663797147644673,0.0020371673477408833,25.322502146558598,scale
