window,C,gamma_mode,epsilon,best_avg_frobenius,best_avg_qlike,gamma_used
315,0.006461393423658966,scale,0.0005711894096414428,0.0018877395825163412,19.919495535497028,scale
