window,C,gamma_mode,gamma,epsilon,best_avg_qlike,best_avg_frobenius,gamma_used
378,4.159323510896477,numeric,0.000127508886222242,0.061532675424932154,38.7349955402067,0.0024588191764535416,0.000127508886222242
