window,C,gamma_mode,gamma,epsilon,best_avg_frobenius,best_avg_qlike,gamma_used
189,0.2838348206781734,numeric,0.07183978311109192,6.023600986574902e-05,0.002016158699860081,27.73804788117195,0.07183978311109192
