window,C,gamma_mode,gamma,epsilon,best_avg_frobenius,best_avg_qlike,n_forecasts,n_refits
756,0.14206483914739337,numeric,0.0009908274260110033,0.5669870503149286,4.451497394081247e-08,2.6858594250655323,6,1
