window,C,gamma_mode,gamma,epsilon,best_avg_frobenius,best_avg_qlike,n_forecasts,n_refits
756,0.011660930886002752,numeric,0.043960789379670115,0.8372438525967599,8.412894618300523e-07,5.8451625575892034,90,5
