window,C,gamma_mode,gamma,epsilon,best_avg_frobenius,best_avg_qlike,gamma_used
315,0.01737601619378893,numeric,4.205292069517477,0.00010309043370774626,0.001887497687620112,21.093697837186667,4.205292069517477
