window,C,gamma_mode,gamma,epsilon,best_avg_qlike,best_avg_frobenius,gamma_used
315,2.7492685802247503,numeric,0.0002741681799180053,0.010359827448432236,22.01978292919479,0.0020609218912672166,0.0002741681799180053
