window,C,gamma_mode,gamma,epsilon,best_avg_qlike,best_avg_frobenius,gamma_used
126,0.009056057518279021,numeric,0.06345642357835347,0.07914993477339843,19.5871573193927,0.0024867879920821814,0.06345642357835347
